<?xml version="1.0" encoding="utf-8"?>

<rwgmixer>

	<world ruleset="vanilla" />
	
	<rulesets> <!-- if having trouble loading try changing the cell_size to "2000" or "2200" -->
		<ruleset name="vanilla" cell_cache_size="8" cell_size="1800" cell_offset="0" generation_distance="10000" terrain_generator="vanilla" biome_generator="vanilla">
		
			<cell_rule name="default" prob="1"/>
			<!--<cell_rule name="customHubTest" position="0,1" prob="0"/>-->
			
		</ruleset>
		
	</rulesets>
	
	<cell_rules>
	
		<cell_rule name="default">
		
			<cave_count value="1,8"/>
			<path_material value="asphalt" /> 
			<path_radius value="10" />
			
			<!-- <hub_rule name="rural" prob="1"/> -->
			<hub_rule name="Test" prob="1"/>
			
			<wilderness_rule name="wildernessDefault" prob="1"/>
			
		</cell_rule>
		
	</cell_rules>
	
	<hub_rules>
	
		<hub_rule name="rural">
		
			<hub_type value="rural"/>
			<width value="100, 100" />
			<height value="100, 100" />
			<path_material value="asphalt" /> 
			<path_radius value="10" />

			<prefab_rule name="default"/>
			
			<street_gen level="10" length_multiplier="4">
			
				<axiom value="[F]"/>
				<rule char="J" replace_with="[KYX*]"/>
				<rule char="K" replace_with="[F+F-F]"/>
				<rule char="L" replace_with="[*F]"/>
				<rule char="Y" replace_with="-FF[YX]*"/>
				<rule char="X" replace_with="+FF[XY]*"/>
				<alt_commands chars="J,K,L,Y,X"/>
				
			</street_gen>
			
		</hub_rule>
		
		<hub_rule name="Test">
		
			<hub_type value="city"/>
			<width value="1200, 1200" />
			<height value="1200, 1200" />
			<path_material value="asphalt" /> 
			<path_radius value="10" />
			
			<downtown_zone_size_perc value="0.8"/>
			
			<prefab_rule name="default"/>
			
			<street_gen level="52" length_multiplier="4">
			
				<axiom value="[F-FF+FF[TK*]FF+FF+FFFF-FF-FF[IE*]FF-F[NR*]"/>
				
				<rule char="T" replace_with="-F-FF+FF[T**]FF+FF+FFFF-FF-FF[I**]FF-F[N**]"/>
				<rule char="I" replace_with="+F-FF+FF[T**]FF+FF+FFFF-FF-FF[I**]FF-F[N**]"/>
				<rule char="N" replace_with="+F-FF+FF[T**]FF+FF+FFFF-FF-FF[I**]FF-F[N**]"/>
				<rule char="K" replace_with="+F+FF-FF[T**]FF-FF-FFFF+FF+FF[I**]FF+F[N**]"/>
				<rule char="E" replace_with="-F+FF-FF[T**]FF-FF-FFFF+FF+FF[I**]FF+F[N**]"/>
				<rule char="R" replace_with="-F+FF-FF[T**]FF-FF-FFFF+FF+FF[I**]FF+F[N**]"/>
				<rule char="B" replace_with="[KYS*]*"/>
				<rule char="O" replace_with="[NYS*]*"/>
				<rule char="A" replace_with="[F+F-F*]*"/>
				<rule char="D" replace_with="[F-F+F*]*"/>
				<rule char="U" replace_with="[*F]"/>
				<rule char="Y" replace_with="-FF[YS]*"/>
				<rule char="S" replace_with="+FF[SY]*"/>
				
				<alt_commands chars="T,I,N,K,E,R,B,O,A,D,U,Y,S"/>
				
			</street_gen>
			
		</hub_rule>
		
	</hub_rules>
	
	<wilderness_rules>
	
		<wilderness_rule name="wildernessDefault" spawn_min_max="12,24">	<!-- If you want more/less wilderness pois increase spawn_min_max="0,0" max is "60,60" thats 60 wilderness pois per cell -->
		
			<path_material value="gravel" /> 
			<path_radius value="2" />
			<path_adjust_terrain value="false"/>
			
			<prefab_rule name="wildernessGroup" prob="1"/>
			
		</wilderness_rule>
		
	</wilderness_rules>
	
	<prefab_rules>
	
		<prefab_rule name="none"/>
		
		<prefab_rule name="default">
			<prefab rule="residentialOldGroup"/>
			<prefab rule="residentialNewGroup"/>
			<prefab rule="commercialGroup"/>
			<prefab rule="downtownGroup"/>
			<prefab rule="industrialGroup"/>
			<prefab rule="ruralGroup"/>
			<prefab rule="detailFillerGroup"/>
		</prefab_rule>
		
		<prefab_rule name="residentialOldGroup">	
			<prefab name="abandoned_house_01" max_count="3"/>
			<prefab name="abandoned_house_02" max_count="3"/>
			<prefab name="abandoned_house_03" max_count="3"/>
			<prefab name="abandoned_house_04" max_count="3"/>
			<prefab name="abandoned_house_05" max_count="3"/>
			<prefab name="abandoned_house_06" max_count="3"/>
			<prefab name="abandoned_house_07" max_count="3"/>
			<prefab name="abandoned_house_08" max_count="3"/>
			<prefab name="bombshelter_lg_01" max_count="2"/>
			<prefab name="bombshelter_md_01" max_count="2"/>
			<prefab name="cemetery_01" max_count="1"/>
			<prefab name="cemetery_02" max_count="1"/>
			<prefab name="church_graveyard1" max_count="1"/>
			<prefab name="garagebrick" max_count="3"/>
			<prefab name="garageblue1" max_count="3"/>
			<prefab name="garageyellow1" max_count="3"/>
			<prefab name="garagewhite1" max_count="3"/>
			<prefab name="garagetan1" max_count="3"/>
			<prefab name="garagestucco1" max_count="3"/>
			<prefab name="garagegreen1" max_count="3"/>
			<prefab name="garageburnt1" max_count="3"/>
			<prefab name="houseburnt1" max_count="3"/>
			<prefab name="houseburnt2" max_count="3"/>
			<prefab name="houseburnt3" max_count="3"/>
			<prefab name="houseburnt3b" max_count="3"/>
			<prefab name="houseburnt4" max_count="3"/>
			<prefab name="houseburnt5" max_count="3"/>			
			<prefab name="housewhite1basement" max_count="6"/>
			<prefab name="housewhitepyramid3" max_count="10"/>
			<prefab name="housetanpyramid2" max_count="10"/>
			<prefab name="housewhitepyramid1" max_count="10"/>
			<prefab name="housewhitepyramid2" max_count="10"/>		
			<prefab name="housegreen1" max_count="6"/>
			<prefab name="houseblue1" max_count="6"/>
			<prefab name="housestucco1" max_count="6"/>
			<prefab name="housestucco2" max_count="6"/>
			<prefab name="housestucco3" max_count="6"/>
			<prefab name="housebrick1" max_count="6"/>
			<prefab name="housewhite1" max_count="6"/>
			<prefab name="housewhite2" max_count="6"/>
			<prefab name="housetan2" max_count="6"/>
			<prefab name="houseyellow1" max_count="6"/>
			<prefab name="houseyellowpyramid3" max_count="10"/>
			<prefab name="house_trailer_blue_01" max_count="10"/>
			<prefab name="house_trailer_burnt_01" max_count="10"/>
			<prefab name="house_trailer_green_01" max_count="10"/>
			<prefab name="house_trailer_tan_01" max_count="10"/>
			<prefab name="house_trailer_white_01" max_count="10"/>
			<prefab name="house_trailer_yellow_01" max_count="10"/>
			<prefab name="trailer_01" max_count="10"/>
			<prefab name="trailer_02" max_count="10"/>
			<prefab name="trailer_03" max_count="10"/>
			<prefab name="trailer_04" max_count="10"/>
			<prefab name="trailer_park_01" max_count="10"/>	
		</prefab_rule>
				
		<prefab_rule name="residentialNewGroup">		
			<prefab name="house_new_mansion_01" min_count="1" max_count="3"/>
			<prefab name="house_new_mansion_02" min_count="1" max_count="3"/>
			<prefab name="house_new_mansion_03" min_count="1" max_count="3"/>
			<prefab name="house_new_01" max_count="6"/>
			<prefab name="house_new_02" max_count="6"/>
			<prefab name="house_new_03" max_count="6"/>
			<prefab name="house_new_04" max_count="6"/>
			<prefab name="house_new_05" max_count="6"/>
			<prefab name="house_new_06" max_count="6"/>
			<prefab name="houseranchwhite1" max_count="6"/>
			<prefab name="houseranchtan1" max_count="6"/>
			<prefab name="houseranchtan2" max_count="6"/>
			<prefab name="houseranchblue1" max_count="6"/>
			<prefab name="church_sm_01" max_count="2"/>
			<prefab name="hospital_01_rg"  max_count="1"/>
			<prefab name="school_01" min_count="1" max_count="1"/>
			<prefab name="school_k6_01" min_count="1" max_count="1"/>
			<prefab name="school_daycare_01" min_count="1" max_count="2"/>
			<prefab name="football_stadium"  max_count="1"/>
			<prefab name="apartment_adobe_red_5_flr" max_count="4" />
			<prefab name="apartment_brick_6_flr" max_count="4" />
			<prefab name="funeral_home_01" min_count="1" max_count="1" />
		</prefab_rule>
		
		<prefab_rule name="commercialGroup">	
			<prefab name="store_gun_sm_01" max_count="3" prob="0.6"/>
			<prefab name="store_gun_lg_01" max_count="1" prob="0.4"/>
			<prefab name="store_pharmacy_sm_01" min_count="3" max_count="1"/>
			<prefab name="store_hardware_sm_01" max_count="3" prob="0.6"/>
			<prefab name="store_hardware_lg_01" max_count="1" prob="0.4"/>
			<prefab name="store_book_sm_01" max_count="3" prob="0.6"/>
			<prefab name="store_book_lg_01" max_count="1" prob="0.4"/>
			<prefab name="store_grocery_lg_01" max_count="1" prob="0.4"/>
			<prefab name="store_grocery_sm_01" max_count="3" prob="0.6"/>
			<prefab name="store_bank_lg_01" max_count="1"/>
			<prefab name="gas_station1" max_count="2"/>
			<prefab name="gas_station2" max_count="2"/>
			<prefab name="gas_station3" max_count="2"/>
			<prefab name="gas_station4" max_count="2"/>
			<prefab name="gas_station5" max_count="2"/>
			<prefab name="diner_01" min_count="1" max_count="3"/>
			<prefab name="diner_02" min_count="1" max_count="3"/>
			<prefab name="fastfood_01" min_count="1" max_count="3"/>
			<prefab name="fastfood_02" min_count="1" max_count="3"/>
			<prefab name="fastfood_03" min_count="1" max_count="3"/>
			<prefab name="carlot_01" max_count="2"/>
			<prefab name="carlot_02" max_count="2"/>
			<prefab name="store_autoparts_01" max_count="3"/>
			<prefab name="skate_park_01"  max_count="1"/>
			<prefab name="store_laundry_01" min_count="1" max_count="3" />
			<prefab name="store_salon" min_count="1" max_count="4" />
		</prefab_rule>
		
		<prefab_rule name="downtownGroup">
			<prefab name="business_red_brick_01" max_count="2"/>
			<prefab name="business_red_brick_02" max_count="2"/>
			<prefab name="business_red_brick_03" max_count="2"/>
			<prefab name="business_red_brick_04" max_count="2"/>
			<prefab name="business_red_brick_05" max_count="2"/>
			<prefab name="business_red_brick_06" max_count="2"/>
			<prefab name="business_red_brick_07" max_count="2"/>
			<prefab name="business_tan_brick_01" max_count="2"/>
			<prefab name="business_tan_brick_02" max_count="2"/>
			<prefab name="business_tan_brick_03" max_count="2"/>
			<prefab name="business_tan_brick_04" max_count="2"/>
			<prefab name="business_tan_brick_05" max_count="2"/>
			<prefab name="business_strip_old_01" max_count="5"/>
			<prefab name="business_strip_old_02" max_count="5"/>
			<prefab name="courthouse_med_01" max_count="1" />
			<prefab name="courthouse_med_02" max_count="1" />
			<prefab name="post_office_sm_01" max_count="1" />
			<prefab name="post_office_med_01" max_count="1" />
			<prefab name="mp_waste_bldg_governer_08" max_count="1"/>
			<prefab name="police_station1" min_count="1" max_count="2"/>
			<prefab name="hotel_roadside_01" max_count="2"/>
			<prefab name="hotel_roadside_02" max_count="2"/>
			<prefab name="hotel_ostrich" max_count="2"/>
			<prefab name="hotel_new_01" max_count="2"/>
			<prefab name="prison_01" max_count="1"/>
			<prefab name="parking_lot_01" max_count="4"/>
			<prefab name="parking_lot_02" max_count="4"/>
			<prefab name="parking_lot_03" max_count="4"/>
			<prefab name="parking_garage_01" max_count="2"/>
			<prefab name="theater_01"  max_count="3"/>
			<prefab name="bar_theater_01"  max_count="2"/>
			<prefab name="bar_stripclub_01" max_count="2"/>
			<prefab name="bar_sm_01" max_count="3"/>
			<prefab name="fire_station_01" max_count="2"/>
			<prefab name="fire_station_02" max_count="2"/>
			<prefab rule="skyscrapers" min_count="12"/>
			<prefab name="store_pawn_01" max_count="3" />
		</prefab_rule>
		
		<prefab_rule name="skyscrapers">
			<prefab name="skyscraper_01" max_count="4" prob="50"/>
			<prefab name="skyscraper_02" max_count="4" prob="50"/>
			<prefab name="skyscraper_03" max_count="4" prob="50"/>
			<prefab name="skyscraper_04" max_count="4" prob="50"/>
		</prefab_rule>

		<prefab_rule name="industrialGroup">	
			<prefab name="utility_waterworks_01" max_count="1"/>
			<prefab name="utility_electric_co_01" max_count="1"/>
			<prefab name="utility_refinery_01" max_count="3"/>
			<prefab name="settlement_01" max_count="1"/>	
			<prefab name="factory_lg_01" max_count="5"/>
			<prefab name="factory_lg_02" max_count="5"/>
			<prefab name="installation_red_mesa" max_count="1"/>
			<prefab name="sawmill_01_snow" max_count="3"/>
			<prefab name="utility_celltower_01" max_count="1"/>
			<prefab name="utility_celltower_01" max_count="1"/>			
			<prefab name="junkyard_lg_01" max_count="2"/>
			<prefab name="junkyard_med_01" max_count="2"/>
			<prefab name="vacant_lot_med_01" max_count="1"/>
			<prefab name="vacant_lot_med_02" max_count="1"/>
			<prefab name="vacant_lot_sm_01" max_count="1"/>
			<prefab name="vacant_lot_sm_02" max_count="1"/>
			<prefab name="army_barracks_01" max_count="1"/>
			<prefab name="mp_waste_bldg_01_white" max_count="2"/>
			<prefab name="mp_waste_bldg_03_white" max_count="2"/>
			<prefab name="mp_waste_bldg_04_white" max_count="2"/>
			<prefab name="mp_waste_bldg_01_red" max_count="2"/>
			<prefab name="mp_waste_bldg_02_red" max_count="2"/>
			<prefab name="mp_waste_bldg_03_red" max_count="2"/>
			<prefab name="mp_waste_bldg_04_red" max_count="2"/>
			<prefab name="mp_waste_bldg_01_tan" max_count="2"/>
			<prefab name="mp_waste_bldg_02_tan" max_count="2"/>
			<prefab name="mp_waste_bldg_03_tan" max_count="2"/>
			<prefab name="mp_waste_bldg_04_tan" max_count="2"/>
			<prefab name="mp_waste_bldg_04_grey" max_count="2"/>
			<prefab name="mp_waste_bldg_05_grey" max_count="2"/>
			<prefab name="mp_waste_bldg_06_grey" max_count="2"/>
			<prefab name="waste_rubble_bldg_01" max_count="2"/>
			<prefab name="waste_rubble_bldg_02" max_count="2"/>
			<prefab name="waste_rubble_bldg_03" max_count="2"/>
			<prefab name="waste_rubble_bldg_04" max_count="2"/>
			<prefab name="waste_rubble_bldg_05" max_count="2"/>
			<prefab name="waste_rubble_bldg_06" max_count="2"/>
			<prefab name="waste_rubble_bldg_07" max_count="2"/>
			<prefab name="waste_rubble_bldg_08" max_count="2"/>
			<prefab name="waste_rubble_bldg_09" max_count="2"/>
			<prefab name="mp_waste_sewer_hole_1" max_count="1"/>		
		</prefab_rule>
		
		<prefab_rule name="ruralGroup">	
			<prefab name="blueberryfield_sm" max_count="3"/>
			<prefab name="cornfield_sm" max_count="8"/>
			<prefab name="cornfield_med" max_count="4"/>
			<prefab name="potatofield_sm" max_count="2"/>	
			<prefab name="barn_01" max_count="2"/>
			<prefab name="barn_02" max_count="2"/>
			<prefab name="barn_03" max_count="2"/>			
			<prefab name="farm_shed1" max_count="2"/>
			<prefab name="farm_shed2" max_count="2"/>
			<prefab name="farm_shed3" max_count="2"/>
			<prefab name="farm_shed4" max_count="2"/>	
			<prefab name="oldwest_stables" max_count="2"/>
			<prefab name="pond02" max_count="4"/>
			<prefab name="pond01" max_count="4"/>
			<prefab name="water_tower_01" max_count="1"/>
			<prefab name="water_tower_01" max_count="1"/>			
			<prefab name="oldwest_watertower" max_count="1"/>	
			<prefab name="oldwest_church" max_count="1"/>
			<prefab name="oldwest_hotel_01" max_count="2"/>
			<prefab name="oldwest_hotel_02" max_count="2"/>
			<prefab name="oldwest_jail" max_count="1"/>
			<prefab name="oldwest_md_shop_01" max_count="4"/>
			<prefab name="oldwest_md_shop_02" max_count="4"/>
			<prefab name="oldwest_md_shop_03" max_count="4"/>
			<prefab name="oldwest_md_shop_04" max_count="4"/>
			<prefab name="oldwest_sm_shop_01" max_count="4"/>
			<prefab name="oldwest_sm_shop_02" max_count="4"/>
			<prefab name="oldwest_sm_shop_03" max_count="4"/>	
			<prefab name="army_camp_01" max_count="1"/>
			<prefab name="army_camp_02" max_count="1"/>
			<prefab name="army_camp_03" max_count="1"/>		
		</prefab_rule>
		
		<prefab_rule name="wildernessGroup">	
			<prefab rule="traderGroup" min_count="1" max_count="1"/>
			<prefab name="cabin_01" />
			<prefab name="cabin_02_sm" />
			<prefab name="cabin_03_lg" />
			<prefab name="cabin_04_md" />
			<prefab name="cabin_05_lg" />
			<prefab name="cabin_06_lg" />
			<prefab name="cabin_snow_hidden_01"/>
			<prefab name="ranger_station1" />
			<prefab name="snowy_ski_lodge" />
			<prefab name="campsite_01" />
			<prefab name="campsite_02" />
			<prefab name="campsite_03" />
			<prefab name="campsite_04" />
			<prefab name="campsite_06" />
			<prefab name="campsite_06a" />
			<prefab name="campsite_07" />
			<prefab name="campsite_07a" />
			<prefab name="indian_burial_grounds_01" prob="0.05"/>
			<prefab name="oldwest_graveyard"/>
			<prefab name="cave_01" max_count="1"/>
			<prefab name="cave_02" max_count="1"/>
			<prefab name="cave_03" max_count="1"/>
			<prefab name="cave_04" max_count="1"/>
		</prefab_rule>
		
		<prefab_rule name="detailFillerGroup">
			<prefab name="mailbox1" max_count="1" prob="0.25"/>
			<prefab name="street_light_01" max_count="1" prob="0.25"/>
			<prefab name="street_light_02" max_count="1" prob="0.25"/>
			<prefab name="sign_slow" max_count="4"/>
			<prefab name="sign_speed_25" max_count="4"/>
			<prefab name="sign_speed_35" max_count="4"/>
			<prefab name="sign_speed_45" max_count="4"/>
			<prefab name="sign_73_north" max_count="2"/>
			<prefab name="sign_73_south" max_count="2"/>
			<prefab name="sign_albuquerque" max_count="2"/>
			<prefab name="sign_phoenix" max_count="2"/>
			<prefab name="tree_burntpine_01" max_count="4"/>
			<prefab name="tree_burntpine_02" max_count="4"/>
			<prefab name="tree_burntpine_03" max_count="4"/>
			<prefab name="water_tower_03" max_count="1"/>
		</prefab_rule>
		
		<prefab_rule name="traderGroup">
			<prefab name="settlement_trader_01" />
			<prefab name="settlement_trader_02" />
			<prefab name="settlement_trader_03" />
			<prefab name="settlement_trader_04" />
			<prefab name="settlement_trader_05" />
		</prefab_rule>
					
	</prefab_rules>
	
<!--
	GENERATOR MODULE TYPES
	    AbsoluteOutput
        Add
        BiasOutput
        Blend
        ClampOutput
        CurveOutput
        DisplaceInput
        ExponentialOutput
        InvertInput
        InvertOutput
        LargerOutput
        Multiply
        Power
        RotateInput
        ScaleBiasOutput
        ScaleInput
        ScaleOutput
        Select
        SmallerOutput
        Terrace
        TranslateInput
        Billow
        Checkerboard
        Constant
        FastBillow
        FastNoise
        FastNoiseBasis
        FastRidgedMultifractal
        FastTurbulence
        GradientNoiseBasis
        RidgedMultifractal
        Turbulence
        Voronoi
-->

	<terrain_generators>
	
		<terrain_generator name="vanilla" use_old_final="false">
		
			<module name="landBase" type="FastBillow" no_seed="true">
				<property name="frequency" value="0.02"/>
			</module>
			<module name="landT" type="FastTurbulence">
				<property name="sourceModule" value="landBase"/>
				<property name="power" value="5"/>
				<property name="frequency" value="0.025"/>
				<property name="roughness" value="8"/>
			</module>
			<module name="scaleLandBase" type="ScaleBiasOutput">
				<property name="sourceModule" value="landT"/>
				<property name="scale" value="0.15"/>
				<property name="bias" value="0.25"/>
			</module>
			<module name="land" type="ClampOutput">
				<property name="sourceModule" value="scaleLandBase"/>
				<property name="bounds" value="0,0.05"/>
			</module>
			
			<module name="landBase2" type="FastBillow" no_seed="true">
				<property name="frequency" value="0.02"/>
			</module>
			<module name="landT2" type="FastTurbulence">
				<property name="sourceModule" value="landBase2"/>
				<property name="power" value="5"/>
				<property name="frequency" value="0.025"/>
				<property name="roughness" value="8"/>
			</module>
			<module name="scaleLandBase2" type="ScaleBiasOutput">
				<property name="sourceModule" value="landT2"/>
				<property name="scale" value="0.15"/>
				<property name="bias" value="0.25"/>
			</module>
			<module name="land2" type="ClampOutput">
				<property name="sourceModule" value="scaleLandBase2"/>
				<property name="bounds" value="0,0.05"/>
			</module>
			
			<module name="mountainsBase" type="FastNoise" no_seed="true">
				<property name="frequency" value="0.25"/>
			</module>
			<module name="mountainsT" type="FastTurbulence">
				<property name="sourceModule" value="mountainsBase"/>
				<property name="power" value="5"/>
				<property name="frequency" value="0.25"/>
				<property name="roughness" value="8"/>
			</module>
			<module name="mountainsScaled" type="ScaleBiasOutput">
				<property name="sourceModule" value="mountainsT"/>
				<property name="scale" value="1.3"/>
				<property name="bias" value="-0.4"/>
			</module>
			<module name="mountainsOutput" type="ClampOutput">
				<property name="sourceModule" value="mountainsScaled"/>
				<property name="bounds" value="0,1.3"/>
			</module>
			
			<module name="Control" type="FastNoise" no_seed="true">
				<property name="frequency" value="1"/>
			</module>
			
			<module name="landMnt" type="Add" no_seed="true">
				<property name="controlModule" value="Control"/>
				<property name="sourceModule1" value="land"/>
				<property name="sourceModule2" value="land2"/>
				<property name="bounds" value="2500,5000"/>
				<property name="edgeFalloff" value="32"/>
			</module>
			
			<module name="landMnt2" type="Add" no_seed="true">
				<property name="controlModule" value="Control"/>
				<property name="sourceModule1" value="mountainsOutput"/>
				<property name="sourceModule2" value="land"/>
				<property name="bounds" value="0,5000"/> <!-- want more mountais? make value="" closer "0,2500" etc,. -->
				<property name="edgeFalloff" value="32"/>
			</module>
			
			<module name="landMnt3" type="Add" no_seed="true">
				<property name="controlModule" value="Control"/>
				<property name="sourceModule1" value="landMnt2"/>
				<property name="sourceModule2" value="land"/>
				<property name="bounds" value="0,5000"/> <!-- want more mountais? make value="" closer "0,2500" etc,. -->
				<property name="edgeFalloff" value="32"/>
			</module>
			
			<module name="WaterBase" type="FastBillow" no_seed="true">
				<property name="frequency" value="1.5"/>
				<property name="displacement" value="-0.5"/>
			</module>
			<module name="WaterOutput" type="BiasOutput">
				<property name="sourceModule" value="WaterBase"/>
				<property name="bias" value="0.8"/>
			</module>
			<module name="Water" type="ScaleOutput">
				<property name="sourceModule" value="WaterOutput"/>
				<property name="scale" value="0.15"/>
			</module>
			
			<module name="landMntWater" type="Select" no_seed="true">
				<property name="controlModule" value="Control"/>
				<property name="sourceModule1" value="Water"/>
				<property name="sourceModule2" value="land"/>
				<property name="bounds" value="0,15000"/>
				<property name="edgeFalloff" value="0.5"/>
			</module>
			
			<module name="landMntWater2" type="Select" no_seed="true">
				<property name="controlModule" value="Control"/>
				<property name="sourceModule1" value="landMntWater"/>
				<property name="sourceModule2" value="land"/>
				<property name="bounds" value="0,15000"/> <!-- want more water make the value="" closer "0,1000" etc,. -->
				<property name="edgeFalloff" value="0.5"/>
			</module>
			
			<module name="Control" type="FastNoise" no_seed="true">
				<property name="frequency" value="1"/>
			</module>
			
			<module name="scaleBiasOutput" type="ScaleBiasOutput">
				<property name="sourceModule" value="landMntWater2"/>
				<property name="scale" value="255"/>
			</module>

			<output module="scaleBiasOutput"/>
			
		</terrain_generator>
		
	</terrain_generators>
	
	<biome_generators>
	
		<biome_generator name="vanilla">
		
			<module name="voronoi" type="Voronoi">
				<property name="frequency" value="0.0005"/> <!-- want smaller biomes sizes? increase Value="" Vanilla was "0.0008" -->
				<property name="displacement" value="0.5"/>
			</module>
			<module name="biasOutput" type="BiasOutput">
				<property name="sourceModule" value="voronoi"/>
				<property name="bias" value="0.5"/>
			</module>
			
			<module name="biomeDither" type="FastTurbulence">
				<property name="sourceModule" value="biasOutput"/>
				<property name="frequency" value="0.25"/>
				<property name="power" value="8"/>
				<property name="roughness" value="5"/>
			</module>
			
			<module name="biomeJiggle" type="FastTurbulence">
				<property name="sourceModule" value="biomeDither"/>
				<property name="frequency" value="0.0016"/>
				<property name="power" value="400"/>
				<property name="roughness" value="1"/>
			</module>
			
			<module name="clampOutput" type="ClampOutput">
				<property name="sourceModule" value="biomeJiggle"/>
				<property name="bounds" value="0,1"/>
			</module>
			
			<output module="clampOutput"/>
			
		</biome_generator>
		
		<!-- Passes back the biome intensity to allow for per biome terrain control  THIS MUST MATCH THE BIOME DISTRIBUTION BUT RETURN 0-1 based on distance from center-->
	</biome_generators>
	
	<biome_intensity_generators>
	
		<biome_intensity_generator name="vanilla">
		
			<module name="voronoi" type="Voronoi">
				<property name="frequency" value="0.0005"/> <!-- want smaller biomes sizes? increase Value="" Vanilla was "0.0008" -->
				<property name="displacement" value="0.5"/>
				<property name="distanceEnabled" value="true"/>
			</module>
			<module name="biasOutput" type="BiasOutput">
				<property name="sourceModule" value="voronoi"/>
				<property name="bias" value="0.5"/>
			</module>
			
			<module name="biomeDither" type="FastTurbulence">
				<property name="sourceModule" value="biasOutput"/>
				<property name="frequency" value="0.25"/>
				<property name="power" value="8"/>
				<property name="roughness" value="5"/>
			</module>
			
			<module name="biomeJiggle" type="FastTurbulence">
				<property name="sourceModule" value="biomeDither"/>
				<property name="frequency" value="0.0016"/>
				<property name="power" value="400"/>
				<property name="roughness" value="1"/>
			</module>
			
			<module name="clampOutput" type="ClampOutput">
				<property name="sourceModule" value="biomeJiggle"/>
				<property name="bounds" value="0,1"/>
			</module>
			
			<output module="clampOutput"/>
			
		</biome_intensity_generator>
		
	</biome_intensity_generators>
	
	<biome_spawn_rules>
	
		<biome_spawn_rule name="desert">
			<biome_generator range="0,0.1"/>
		</biome_spawn_rule>
		
		<biome_spawn_rule name="plains">
			<biome_generator range="0.1,0.3"/>
		</biome_spawn_rule>
		
		<biome_spawn_rule name="burnt_forest">
			<biome_generator range="0.3,0.4"/>
		</biome_spawn_rule>
		
		<biome_spawn_rule name="forest">
			<biome_generator range="0.4,0.7"/>
		</biome_spawn_rule>
		
		<biome_spawn_rule name="burnt_forest">
			<biome_generator range="0.7,0.8"/>
		</biome_spawn_rule>
		
		<biome_spawn_rule name="wasteland">
			<biome_generator range="0.8,1"/>
		</biome_spawn_rule>
		
		<!-- Change "wasteland" range to "0.8,0.9"  and uncomment the snow (if you want snoe biomes to appear randomly) -->
		
		<!-- <biome_spawn_rule name="snow">
			<biome_generator range="0.8,1"/>
		</biome_spawn_rule> -->
		
		<biome_spawn_rule name="radiated">
			<distance_from_center range="10000,20000"/>
		</biome_spawn_rule>
		
		<biome_spawn_rule name="pine_forest">
			<terrain_generator range="50,70"/>
		</biome_spawn_rule>
		
		<biome_spawn_rule name="snow">
			<terrain_generator range="70,255"/>
		</biome_spawn_rule>
		
		<biome_spawn_rule name="water">
			<terrain_generator range="-31,-1"/>
		</biome_spawn_rule>
		
	</biome_spawn_rules>
	
</rwgmixer>